id1_gda,id2_gda
162,UXVlc3Rpb246MTYy
163,UXVlc3Rpb246MTYz
164,UXVlc3Rpb246MTY0
206,UXVlc3Rpb246MjA2
205,UXVlc3Rpb246MjA1
165,UXVlc3Rpb246MTY1
166,UXVlc3Rpb246MTY2
167,UXVlc3Rpb246MTY3
160,UXVlc3Rpb246MTYw
161,UXVlc3Rpb246MTYx
146,UXVlc3Rpb246MTQ2
147,UXVlc3Rpb246MTQ3
148,UXVlc3Rpb246MTQ4
149,UXVlc3Rpb246MTQ5
150,UXVlc3Rpb246MTUw
151,UXVlc3Rpb246MTUx
152,UXVlc3Rpb246MTUy
153,UXVlc3Rpb246MTUz
154,UXVlc3Rpb246MTU0
155,UXVlc3Rpb246MTU1
207,UXVlc3Rpb246MjA3
157,UXVlc3Rpb246MTU3
158,UXVlc3Rpb246MTU4
159,UXVlc3Rpb246MTU5
107,UXVlc3Rpb246MTA3
108,UXVlc3Rpb246MTA4
109,UXVlc3Rpb246MTA5
110,UXVlc3Rpb246MTEw
111,UXVlc3Rpb246MTEx
112,UXVlc3Rpb246MTEy
113,UXVlc3Rpb246MTEz
114,UXVlc3Rpb246MTE0
115,UXVlc3Rpb246MTE1
116,UXVlc3Rpb246MTE2
117,UXVlc3Rpb246MTE3
118,UXVlc3Rpb246MTE4
119,UXVlc3Rpb246MTE5
120,UXVlc3Rpb246MTIw
121,UXVlc3Rpb246MTIx
122,UXVlc3Rpb246MTIy
123,UXVlc3Rpb246MTIz
124,UXVlc3Rpb246MTI0
125,UXVlc3Rpb246MTIx
127,UXVlc3Rpb246MTI3
128,UXVlc3Rpb246MTI4
129,UXVlc3Rpb246MTI5
130,UXVlc3Rpb246MTMw
131,UXVlc3Rpb246MTMx
132,UXVlc3Rpb246MTMy
133,UXVlc3Rpb246MTMz
134,UXVlc3Rpb246MTM0
135,UXVlc3Rpb246MTM1
136,UXVlc3Rpb246MTM2
137,UXVlc3Rpb246MTM3
138,UXVlc3Rpb246MTM4
139,UXVlc3Rpb246MTM5
141,UXVlc3Rpb246MTQx
142,UXVlc3Rpb246MTQy
143,UXVlc3Rpb246MTQz
144,UXVlc3Rpb246MTQ0
145,UXVlc3Rpb246MTQ1
169,UXVlc3Rpb246MTY5
170,UXVlc3Rpb246MTcw
171,UXVlc3Rpb246MTM5
204,UXVlc3Rpb246MjA0
172,UXVlc3Rpb246MTcy
174,UXVlc3Rpb246MTc0
175,UXVlc3Rpb246MTc1
176,UXVlc3Rpb246MTc2
177,UXVlc3Rpb246MTc3
178,UXVlc3Rpb246MTc4
179,UXVlc3Rpb246MTc5
180,UXVlc3Rpb246MTgw
181,UXVlc3Rpb246MTgx
182,UXVlc3Rpb246MTgy
183,UXVlc3Rpb246MTgz
184,UXVlc3Rpb246MTg0
185,UXVlc3Rpb246MTIx
186,UXVlc3Rpb246MTg2
187,UXVlc3Rpb246MTIx
188,UXVlc3Rpb246MTg4
191,UXVlc3Rpb246MTkx
192,UXVlc3Rpb246MTky
193,UXVlc3Rpb246MTkz
194,UXVlc3Rpb246MTk0
195,UXVlc3Rpb246MTk1
196,UXVlc3Rpb246MTk2
198,UXVlc3Rpb246MTk4
199,UXVlc3Rpb246MTk5
200,UXVlc3Rpb246MjAw
201,UXVlc3Rpb246MjAx
202,UXVlc3Rpb246MjAy
203,UXVlc3Rpb246MjAz
189,UXVlc3Rpb246MTg5